INVENTORY_ID,LOCATION_,SHOP,DESCRIPTION,SYSTEM_PAR,PACK,SIZE,MEASUREMENT,UOM,CASE_,EA,LB,OZ,BAG,GAL,TRAY,SLEEVES,ON_HAND,OPEN_ORDERS,ADJUSTED_PAR,ORDER_,TOTAL_CASE
BAK0001,BAKERS AREA,PANERA BREAD,SUB JUMBO JR 2-PLY TOILET PAPER,3,8,1000,FT,CS,0,0,0,0,0,0,0,0,0,0,0,0,0
BAK0002,BAKERS AREA,PANERA BREAD,ALMOND SLICED,1,6,2,LB,CS,0,0,0,0,0,0,0,0,0,0,0,0,0
BAK0003,BAKERS AREA,PANERA BREAD,SUGAR CANE RAW,1,12,1.5,LB,CS,0,0,0,0,0,0,0,0,0,0,0,0,0
BAK0004,BAKERS AREA,PANERA BREAD,PAN COATING OLIVE OIL SPRAY,1,6,21,OZ,CS,0,0,0,0,0,0,0,0,0,0,0,0,0
BAK0005,BAKERS AREA,PANERA BREAD,PAN COATING ARSL ALL-PUR,1,12,14,OZ,CS,0,0,0,0,0,0,0,0,0,0,0,0,0
BAK0006,BAKERS AREA,PANERA BREAD,LINER TRAY BAKERS (BROWN),2,1,1000,CT,CS,0,0,0,0,0,0,0,0,0,0,0,0,0
BAK0007,BAKERS AREA,PANERA BREAD,COVER BAKERS RACK,2,1,50,CT,CS,0,0,0,0,0,0,0,0,0,0,0,0,0
BAK0008,BAKERS AREA,PANERA BREAD,CUP MUFFINE LINER,0.5,1,1000,CT,CS,0,0,0,0,0,0,0,0,0,0,0,0,0
BAK0009,BAKERS AREA,PANERA BREAD,SALT SEA-EXTRA COURSE,1,1,10,LB,CS,0,0,0,0,0,0,0,0,0,0,0,0,0
BAK0010,BAKERS AREA,PANERA BREAD,TOPPING CINNAMON SUGAR,1,1,10,LB,CS,0,0,0,0,0,0,0,0,0,0,0,0,0
BAK0011,BAKERS AREA,PANERA BREAD,CHOC DARK CONFECT SNAPS CALBAUT,2,12,16,OZ,CS,0,0,0,0,0,0,0,0,0,0,0,0,0
BAK0012,BAKERS AREA,PANERA BREAD,BAG LOAF PFC FREE,0,1,500,CT,CS,0,0,0,0,0,0,0,0,0,0,0,0,0
BAK0013,BAKERS AREA,PANERA BREAD,CEREAL ROLLED OAT REG,1,1,10,LB,CS,0,0,0,0,0,0,0,0,0,0,0,0,0
BAK0014,BAKERS AREA,PANERA BREAD,SUGAR CONFECTIONER 10X,1,12,2,LB,CS,0,0,0,0,0,0,0,0,0,0,0,0,0
BAK0015,BAKERS AREA,PANERA BREAD,TOPPING MINI CHOC CANDIES,1,1,15,LB,CS,0,0,0,0,0,0,0,0,0,0,0,0,0
BAK0016,BAKERS AREA,PANERA BREAD,TOPPING MIX EVERYTHING BAGEL,0.5,1,6,LB,CS,0,0,0,0,0,0,0,0,0,0,0,0,0
BAK0017,NOT USING,PANERA BREAD,SESAME SEED WHL HULLED,0.5,1,10,LB,CS,0,0,0,0,0,0,0,0,0,0,0,0,0
BAK0018,BAKERS AREA,PANERA BREAD,PFC FREE BAGUETTE BAG,0.25,1,1000,CT,CS,0,0,0,0,0,0,0,0,0,0,0,0,0
BAK0019,NOT USING,PANERA BREAD,BAKING CUP PAPER KRAFT SOUFFLE PET COATED,1,1,720,CT,CS,0,0,0,0,0,0,0,0,0,0,0,0,0
BAK0020,BAKERS AREA,PANERA BREAD,LINER PAN PAPER WHITE QUILLON TEST,0,1,1000,CT,CS,0,0,0,0,0,0,0,0,0,0,0,0,0
BAK0021,BAKERS AREA,PANERA BREAD,FLOUR H&R,0,1,25,LB,CS,0,0,0,0,0,0,0,0,0,0,0,0,0
BAK0022,BAKERS AREA,PANERA BREAD,OIL MINERAL,1,1,1,GAL,CS,0,0,0,0,0,0,0,0,0,0,0,0,0
BAK0023,BAKERS AREA,PANERA BREAD,SALT MALDON FLAKES,1,1,8.5,OZ,CS,0,0,0,0,0,0,0,0,0,0,0,0,0
BAK0024,BAKERS AREA,PANERA BREAD,SUGAR GRANULATED,0.02,10,4,LB,CS,0,0,0,0,0,0,0,0,0,0,0,0,0
BAR0001,M BARISTA,PANERA BREAD,COFFEE ESPRESSO BEAN,2,6,1,LB,CS,0,0,0,0,0,0,0,0,0,0,0,0,0
BAR0002,M BARISTA,PANERA BREAD,COFFEE ESPRESSO BEAN DECAF,2,6,1,LB,CS,0,0,0,0,0,0,0,0,0,0,0,0,0
BAR0003,M BARISTA,PANERA BREAD,SYRUP TEA CHAI,1,4,0.5,GAL,CS,0,0,0,0,0,0,0,0,0,0,0,0,0
DIN0001,DINING ROOM,PANERA BREAD,SUGAR SPLENDA PACKET,2,2000,1,CT,CS,0,0,0,0,0,0,0,0,0,0,0,0,0
DIN0002,DINING ROOM,PANERA BREAD,SUGAR SUB PACKET PINK,1,1,3000,CT,CS,0,0,0,0,0,0,0,0,0,0,0,0,0
DIN0003,DINING ROOM,PANERA BREAD,MUSTARD PACKET - FOOD POLICY,1,,5,OZ,CS,0,0,0,0,0,0,0,0,0,0,0,0,0
DIN0004,DINING ROOM,PANERA BREAD,TEA BAG GNGR TEA IN BULK,1,1,250,CT,BG,0,0,0,0,0,0,0,0,0,0,0,0,0
DIN0005,DINING ROOM,PANERA BREAD,TEA BAG MANGO CYLON IN BULK,0.5,1,250,CT,BG,0,0,0,0,0,0,0,0,0,0,0,0,0
DIN0006,DINING ROOM,PANERA BREAD,TEA BAG GNGR ORG IN BULK,0.5,1,250,CT,BG,0,0,0,0,0,0,0,0,0,0,0,0,0
DIN0007,DINING ROOM,PANERA BREAD,TEA BAG EARL GREY IN BULK,0.75,1,250,CT,BG,0,0,0,0,0,0,0,0,0,0,0,0,0
DIN0008,DINING ROOM,PANERA BREAD,TEA BAG HONEY GINSENG BULK,0.5,1,250,CT,BG,0,0,0,0,0,0,0,0,0,0,0,0,0
DIN0009,DINING ROOM,PANERA BREAD,TEA BAG BRITISH BREAKFAST BULK,1,1,250,CT,BG,0,0,0,0,0,0,0,0,0,0,0,0,0
DIN0010,DINING ROOM,PANERA BREAD,BUBBLER TEA PAPAYA GREEN LOW CAL 5X1,3.9,4,64,OZ,CS,0,0,0,0,0,0,0,0,0,0,0,0,0
DIN0011,DINING ROOM,PANERA BREAD,KETCHUP PACKET - FOOD POLICY,0.5,1000,9,GM,CS,0,0,0,0,0,0,0,0,0,0,0,0,0
DIN0012,DINING ROOM,PANERA BREAD,MAYONNAISE PACKET CLEAN LABEL,2,,16,0Z,CS,0,0,0,0,0,0,0,0,0,0,0,0,0
DIN0013,DINING ROOM,PANERA BREAD,MUSTARD SPICY BROWN PACKET,1,500,0.25,OZ,CS,0,0,0,0,0,0,0,0,0,0,0,0,0
DIN0014,DINING ROOM,PANERA BREAD,SAUCE TABASCO PACKET,1,200,3,GM,CS,0,0,0,0,0,0,0,0,0,0,0,0,0
DIN0015,DINING ROOM,PANERA BREAD,SUGAR PACKET 2000 CT,2,1,2000,CT,CS,0,0,0,0,0,0,0,0,0,0,0,0,0
DIN0016,DINING ROOM,PANERA BREAD,SUGAR PACKET BROWN,2,1,2000,CT,CS,0,0,0,0,0,0,0,0,0,0,0,0,0
DIN0017,DINING ROOM,PANERA BREAD,PEPPER PACKET,1,3,1000,CT,CS,0,0,0,0,0,0,0,0,0,0,0,0,0
DIN0018,DINING ROOM,PANERA BREAD,SALT PACKET POUCH,0.25,3,1000,CT,CS,0,0,0,0,0,0,0,0,0,0,0,0,0
EEC0001,EE CHEMICALSCLEANING,PANERA BREAD,GLOVE HYBRID SMALL AMBITEX,0,10,200,CT,CS,0,0,0,0,0,0,0,0,0,0,0,0,0
EEC0002,EE CHEMICALSCLEANING,PANERA BREAD,GLOVE HYBRID XXLG,1,10,150,CT,CS,0,0,0,0,0,0,0,0,0,0,0,0,0
EEC0003,EE CHEMICALSCLEANING,PANERA BREAD,SMRTPWR PRESOAK FLTWR 3X4LB,0,3,4,LB,CS,0,0,0,0,0,0,0,0,0,0,0,0,0
EEC0004,EE CHEMICALSCLEANING,PANERA BREAD,BROOM ANGULAR LG,1,1,1,EA,EA,0,0,0,0,0,0,0,0,0,0,0,0,0
EEC0005,EE CHEMICALSCLEANING,PANERA BREAD,CLEANER ESPRESSO MACH TABLETS,0,1,2,CT,CS,0,0,0,0,0,0,0,0,0,0,0,0,0
EEC0006,EE CHEMICALSCLEANING,PANERA BREAD,CLEANER DRAIN (WASH N WALK),0,1,2.5,GAL,CS,0,0,0,0,0,0,0,0,0,0,0,0,0
EEC0007,EE CHEMICALSCLEANING,PANERA BREAD,COVER TOILET SEAT(MCLANE),0,1,5000,CT,CS,0,0,0,0,0,0,0,0,0,0,0,0,0
EEC0008,EE CHEMICALSCLEANING,PANERA BREAD,POLISH S - S MEDALLION NON ARSL,0,6,32,OZ,CS,0,0,0,0,0,0,0,0,0,0,0,0,0
EEC0009,EE CHEMICALSCLEANING,PANERA BREAD,24 OZ MAXICOTTON SCREW - ON MOP,0,12,1,CT,EA,0,0,0,0,0,0,0,0,0,0,0,0,0
EEC0010,EE CHEMICALSCLEANING,PANERA BREAD,CLEANER RINZA ESPRSO WAND,0.5,2,1.1,LB,CS,0,0,0,0,0,0,0,0,0,0,0,0,0
EEC0011,EE CHEMICALSCLEANING,PANERA BREAD,SANITIZER SURFACE AND SINK CLEANER,0.5,1,23.5,LB,CS,0,0,0,0,0,0,0,0,0,0,0,0,0
EEC0012,EE CHEMICALSCLEANING,PANERA BREAD,SANITIZER HAND GEL,0,4,1,GAL,CS,0,0,0,0,0,0,0,0,0,0,0,0,0
EEC0013,EE CHEMICALSCLEANING,PANERA BREAD,CLEANER GLASS 2.5 GAL,1,1,2.5,GAL,CS,0,0,0,0,0,0,0,0,0,0,0,0,0
EEC0014,EE CHEMICALSCLEANING,PANERA BREAD,TEST STRIPS SINK & SURFACE CLEANER SANITIZER,0,1,1,EA,EA,0,0,0,0,0,0,0,0,0,0,0,0,0
EEC0015,EE CHEMICALSCLEANING,PANERA BREAD,TEST STRIPS CHLORINE,0,1,1,EA,EA,0,0,0,0,0,0,0,0,0,0,0,0,0
EEC0016,EE CHEMICALSCLEANING,PANERA BREAD,DELIMER LIME - A - WAY SELECT,0.11,4,1,GAL,CS,0,0,0,0,0,0,0,0,0,0,0,0,0
EEC0017,EE CHEMICALSCLEANING,PANERA BREAD,RINSE AID LO TEMP ULTRA DRY/TRUPOWER,0.1,1,4.5,GAL,CS,0,0,0,0,0,0,0,0,0,0,0,0,0
EEC0018,EE CHEMICALSCLEANING,PANERA BREAD,DETERGENT POT/PAN LIQ SCOUT,0.1,2,2,GAL,CS,0,0,0,0,0,0,0,0,0,0,0,0,0
EEC0019,EE CHEMICALSCLEANING,PANERA BREAD,ICE MELT BLENDED INSTITUTIONAL,0,1,50,LB,CS,0,0,0,0,0,0,0,0,0,0,0,0,0
EEC0020,EE CHEMICALSCLEANING,PANERA BREAD,TOWEL TORK HANDS FREE,1,6,700,FT,CS,0,0,0,0,0,0,0,0,0,0,0,0,0
EEC0021,EE CHEMICALSCLEANING,PANERA BREAD,SOAP HAND LIQ CLEAN & SMOOTH,0.5,4,1,GAL,CS,0,0,0,0,0,0,0,0,0,0,0,0,0
EEC0022,EE CHEMICALSCLEANING,PANERA BREAD,SALT PELLET WATER SOFTENER,0.5,1,5,GAL,CS,0,0,0,0,0,0,0,0,0,0,0,0,0
EEC0023,EE CHEMICALSCLEANING,PANERA BREAD,SANITIZER LIQ LOW ENERGY,0.8,1,5,GAL,CS,0,0,0,0,0,0,0,0,0,0,0,0,0
EEC0024,EE CHEMICALSCLEANING,PANERA BREAD,PAD SCOURING GREEN 6X9,2,6,10,CT,CS,0,0,0,0,0,0,0,0,0,0,0,0,0
EEC0025,EE CHEMICALSCLEANING,PANERA BREAD,LINER TRASH 40 x 50 CLR,3,1,100,CT,CS,0,0,0,0,0,0,0,0,0,0,0,0,0
EEC0026,EE CHEMICALSCLEANING,PANERA BREAD,LINER TRASH 33 X 45 BLUE,1,1,125,CT,CS,0,0,0,0,0,0,0,0,0,0,0,0,0
EEC0027,EE CHEMICALSCLEANING,PANERA BREAD,DETERGENT MACH  ULTRA KLN/TRUPOWER REG,1,1,5,GAL,CS,0,0,0,0,0,0,0,0,0,0,0,0,0
EEC0028,EE CHEMICALSCLEANING,PANERA BREAD,CLEANER FREEZER KOOL KLENE,0.25,4,1,GAL,CS,0,0,0,0,0,0,0,0,0,0,0,0,0
EEC0029,EE CHEMICALSCLEANING,PANERA BREAD,CLEANER FLOOR AMMON OASIS 115,1,1,2.5,GAL,CS,0,0,0,0,0,0,0,0,0,0,0,0,0
EEC0030,EE CHEMICALSCLEANING,PANERA BREAD,GLOVE HYBRID EXTRA LARGE AMBITEX,2,10,200,CT,CS,0,0,0,0,0,0,0,0,0,0,0,0,0
EEC0031,EE CHEMICALSCLEANING,PANERA BREAD,GLOVE HYBRID MEDIUM AMBITEX,3,10,200,CT,CS,0,0,0,0,0,0,0,0,0,0,0,0,0
EEC0032,EE CHEMICALSCLEANING,PANERA BREAD,GLOVE HYBRID LARGE AMBITEX,3,10,200,CT,CS,0,0,0,0,0,0,0,0,0,0,0,0,0
EEC0033,EE CHEMICALSCLEANING,PANERA BREAD,MULTI-TASK WIPES REFILL PACK,4,6,100,CT,CS,0,0,0,0,0,0,0,0,0,0,0,0,0
FRE0001,FREEZER,PANERA BREAD,QUINOA & BROWN RICE BLEND,1,5,5,LB,CS,0,0,0,0,0,0,0,0,0,0,0,0,0
FRE0002,FREEZER,PANERA BREAD,SAUSAGE BREAKFAST PATTY 2022,1,4,8.75,LB,CS,0,0,0,0,0,0,0,0,0,0,0,0,0
FRE0003,FREEZER,PANERA BREAD,SAUCE RED MARKET 8/62 OZ,1,8,62,OZ,CS,0,0,0,0,0,0,0,0,0,0,0,0,0
FRE0004,FREEZER,PANERA BREAD,SAUCE GARLIC CREAM 8/62 OZ,3,8,62,OZ,CS,0,0,0,0,0,0,0,0,0,0,0,0,0
FRE0005,FREEZER,PANERA BREAD,BRIOCHE ROLL (THAW AMBIENT),3.23,8,12,EA,CS,0,0,0,0,0,0,0,0,0,0,0,0,0
FRE0006,FREEZER,PANERA BREAD,ADOBO BLACK BEAN & CORN BLEND W/LIME,3,7,2,LB,CS,0,0,0,0,0,0,0,0,0,0,0,0,0
FRE0007,FREEZER,PANERA BREAD,PASTA MAC & CHEESE,14,48,7.7,OZ,CS,0,0,0,0,0,0,0,0,0,0,0,0,0
FRE0008,FREEZER,PANERA BREAD,PASTA BROCCOLI CHEDDAR MAC,2,48,7.7,OZ,CS,0,0,0,0,0,0,0,0,0,0,0,0,0
FRE0009,FREEZER,PANERA BREAD,FLATBREAD PIZZA CRUST (THAW AMBIENT),3,12,6,CT,CS,0,0,0,0,0,0,0,0,0,0,0,0,0
FRE0010,FREEZER,PANERA BREAD,SOUP CHICKEN WILD RICE,3,4,8,LB,CS,0,0,0,0,0,0,0,0,0,0,0,0,0
FRE0011,FREEZER,PANERA BREAD,PEPPERONI 10 LB,1,2,5,LB,CS,0,0,0,0,0,0,0,0,0,0,0,0,0
FRE0012,FREEZER,PANERA BREAD,CHICKEN BREAST SEARED FILET,1.9,8,6,EA,CS,0,0,0,0,0,0,0,0,0,0,0,0,0
FRE0013,FREEZER,PANERA BREAD,SOUP BROCCOLI CHEDDAR,7,4,8,LB,CS,0,0,0,0,0,0,0,0,0,0,0,0,0
FRE0014,FREEZER,PANERA BREAD,SOUP HOMESTYLE CHICKEN NOODLE,2.17,4,8,LB,CS,0,0,0,0,0,0,0,0,0,0,0,0,0
FRE0015,FREEZER,PANERA BREAD,SOUP CREAMY TOMATO,6,4,8,LB,CS,0,0,0,0,0,0,0,0,0,0,0,0,0
FRE0016,FREEZER,PANERA BREAD,SOUP BISTRO ONION,1.87,4,8,LB,CS,0,0,0,0,0,0,0,0,0,0,0,0,0
FRE0017,FREEZER,PANERA BREAD,CEREAL OATMEAL ORGANIC,1.51,44,9,OZ,CS,0,0,0,0,0,0,0,0,0,0,0,0,0
FRE0018,FREEZER,PANERA BREAD,SAUCE SALSA VERDE,1,18,1,LB,CS,0,0,0,0,0,0,0,0,0,0,0,0,0
FRE0019,FREEZER,PANERA BREAD,CHICKEN ROASTED AND SEARED,1.57,8,2.5,LB,CS,0,0,0,0,0,0,0,0,0,0,0,0,0
FRE0020,FREEZER,PANERA BREAD,STEAK TOP SIRLOIN,2,7,4,LB,CS,0,0,0,0,0,0,0,0,0,0,0,0,0
FRE0021,FREEZER,PANERA BREAD,TURKEY ROASTED (SOUS VIDE),1.04,6,3.9,LB,CS,0,0,0,0,0,0,0,0,0,0,0,0,0
FRE0022,FREEZER,PANERA BREAD,CHICKEN SMOKED (PREPULLED),4.6,12,2.5,LB,CS,0,0,0,0,0,0,0,0,0,0,0,0,0
FRE0023,FREEZER,PANERA BREAD,DRESSING GREEN GODDESS,1,27,9,OZ,CS,0,0,0,0,0,0,0,0,0,0,0,0,0
FRE0024,FREEZER,PANERA BREAD,EDAMAME IQF RTE,0.5,20,1,LB,CS,0,0,0,0,0,0,0,0,0,0,0,0,0
FRE0025,FREEZER,PANERA BREAD,SOUFFLE CHEESE EGG,0.6,4,64,OZ,CS,0,0,0,0,0,0,0,0,0,0,0,0,0
FRE0026,FREEZER,PANERA BREAD,SOUFFLE SPINACH ARTICHOKE,0.7,4,64,OZ,CS,0,0,0,0,0,0,0,0,0,0,0,0,0
FRE0027,FREEZER,PANERA BREAD,SOUFFLE SPINACH BACON,0.75,4,64,OZ,CS,0,0,0,0,0,0,0,0,0,0,0,0,0
FRE0028,FREEZER,PANERA BREAD,BUBBLER LEMONADE AGAVE CONC 5X1 6CT,10,6,61.5,OZ,CS,0,0,0,0,0,0,0,0,0,0,0,0,0
FRE0029,FREEZER,PANERA BREAD,SYRUP PEACH MANGO PUREE,2.01,6,61.5,OZ,CS,0,0,0,0,0,0,0,0,0,0,0,0,0
FRE0030,FREEZER,PANERA BREAD,SYRUP STRWBRY PUREE W/ VITAMINS,3,6,61.5,OZ,CS,0,0,0,0,0,0,0,0,0,0,0,0,0
FRE0031,FREEZER,PANERA BREAD,SYRUP MANGO PUREE W/ VITAMINS,3,6,61.5,OZ,CS,0,0,0,0,0,0,0,0,0,0,0,0,0
FRE0032,FREEZER,PANERA BREAD,DOUGH CROISSANT STRAIGHT,2.25,72,2.65,OZ,CS,0,0,0,0,0,0,0,0,0,0,0,0,0
FRE0033,FREEZER,PANERA BREAD,DOUGH COOKIE CHOC CHIPPER,4,220,3,OZ,CS,0,0,0,0,0,0,0,0,0,0,0,0,0
FRE0034,FREEZER,PANERA BREAD,DOUGH COOKIE SUGAR PLAIN,1,220,3,OZ,CS,0,0,0,0,0,0,0,0,0,0,0,0,0
FRE0035,FREEZER,PANERA BREAD,DOUGH COOKIE LEMON DROP,1,200,3.5,OZ,CS,0,0,0,0,0,0,0,0,0,0,0,0,0
FRE0036,FREEZER,PANERA BREAD,DOUGH COOKIE VERY BERRY OATMEAL,1,220,3,OZ,CS,0,0,0,0,0,0,0,0,0,0,0,0,0
FRE0037,FREEZER,PANERA BREAD,DOUGH DANISH BEAR CLAW CLN LBL NO AVICEL,0.61,96,4,OZ,CS,0,0,0,0,0,0,0,0,0,0,0,0,0
FRE0038,FREEZER,PANERA BREAD,DOUGH CROISSANT SQUARE BLANK,0.77,192,3,OZ,CS,0,0,0,0,0,0,0,0,0,0,0,0,0
FRE0039,FREEZER,PANERA BREAD,DOUGH CAKE PASTRY RING,1,36,16,OZ,CS,0,0,0,0,0,0,0,0,0,0,0,0,0
FRE0040,FREEZER,PANERA BREAD,DOUGH ROLL CINNAMON VANILLA,1.06,130,4.4,OZ,CS,0,0,0,0,0,0,0,0,0,0,0,0,0
FRE0041,FREEZER,PANERA BREAD,DOUGH COOKIE KITCHEN SINK,1,120,6,OZ,CS,0,0,0,0,0,0,0,0,0,0,0,0,0
FRE0042,FREEZER,PANERA BREAD,BROWNIE CHOCOLATE,0.56,4,24,EA,CS,0,0,0,0,0,0,0,0,0,0,0,0,0
FRE0043,FREEZER,PANERA BREAD,DOUGH SCONE BLUEBERRY,2,120,4.5,OZ,CS,0,0,0,0,0,0,0,0,0,0,0,0,0
FRE0044,FREEZER,PANERA BREAD,DOUGH SCONE ORANGE,2,120,4.5,OZ,CS,0,0,0,0,0,0,0,0,0,0,0,0,0
FRE0045,FREEZER,PANERA BREAD,MUFFIN CRNBRY PDM W/INCL,1,8,12,EA,CS,0,0,0,0,0,0,0,0,0,0,0,0,0
FRE0046,FREEZER,PANERA BREAD,MUFFIE CHOC CHIP,1,1,96,EA,CS,0,0,0,0,0,0,0,0,0,0,0,0,0
FRE0047,FREEZER,PANERA BREAD,MUFFIN PMPKN PDM W/INCL,1,8,12,EA,CS,0,0,0,0,0,0,0,0,0,0,0,0,0
FRE0048,FREEZER,PANERA BREAD,MUFFIN BLUEBERRY W/INCL,1,8,12,EA,CS,0,0,0,0,0,0,0,0,0,0,0,0,0
LIN0001,LINE,PANERA BREAD,ONION FRIZZLED,1,10,1,LB,CS,0,0,0,0,0,0,0,0,0,0,0,0,0
LIN0002,LINE,PANERA BREAD,NAPKIN 13X8.5,2,12,900,CT,CS,0,0,0,0,0,0,0,0,0,0,0,0,0
LIN0003,LINE,PANERA BREAD,WRAP SANDWICH 15X13,2,1,4000,CT,CS,0,0,0,0,0,0,0,0,0,0,0,0,0
LIN0004,LINE,PANERA BREAD,CHEESE PARM CRISPS TAPIOCA,0.6,6,200,g,CS,0,0,0,0,0,0,0,0,0,0,0,0,0
LIN0005,LINE,PANERA BREAD,CRISPY CARROT TOPPING,1,10,1,LB,CS,0,0,0,0,0,0,0,0,0,0,0,0,0
LIN0006,LINE,PANERA BREAD,PICKLE CRISPS SPICY,1,10,1,LB,CS,0,0,0,0,0,0,0,0,0,0,0,0,0
LIN0007,LINE,PANERA BREAD,CHEESE FRESH MOZZ (16/1.1 LBS),1.41,16,1.1,LB,CS,0,0,0,0,0,0,0,0,0,0,0,0,0
LIN0008,LINE,PANERA BREAD,BAG SOUP 18X24,2,1,250,EA,CS,0,0,0,0,0,0,0,0,0,0,0,0,0
LIN0009,LINE,PANERA BREAD,WONTON SKIN STRIPS,0.52,1,5,LB,CS,0,0,0,0,0,0,0,0,0,0,0,0,0
LIN0010,LINE,PANERA BREAD,BLUEBERRIES FRESH ONLY 6OZ FDF,14,1,6,OZ,CS,0,0,0,0,0,0,0,0,0,0,0,0,0
LIN0011,LINE,PANERA BREAD,CUCUMBERS 5 CT FDF,3,1,5,CT,CS,0,0,0,0,0,0,0,0,0,0,0,0,0
LIN0012,LINE,PANERA BREAD,PECAN PIECES ROASTED,1,1,10,LB,CS,0,0,0,0,0,0,0,0,0,0,0,0,0
LIN0013,LINE,PANERA BREAD,ALMOND SLICED - TOASTED 6/2LB,0.5,6,2,LB,CS,0,0,0,0,0,0,0,0,0,0,0,0,0
LIN0014,LINE,PANERA BREAD,LINER TURBO CHEF,2,1,1000,CT,CS,0,0,0,0,0,0,0,0,0,0,0,0,0
LIN0015,LINE,PANERA BREAD,LETTUCE EMERALD GREENS FDF 2LB,5,1,2,LB,BAG,0,0,0,0,0,0,0,0,0,0,0,0,0
LIN0016,LINE,PANERA BREAD,BAG GLASSINE CROUTON,2,1,1000,CT,CS,0,0,0,0,0,0,0,0,0,0,0,0,0
LIN0017,LINE,PANERA BREAD,TOMATOES RED GRAPE 20LB FDF,2,1,20,LB,CS,0,0,0,0,0,0,0,0,0,0,0,0,0
LIN0018,LINE,PANERA BREAD,BABY SPINACH 4/1 LB FDF,1,4,1,LB,CS,0,0,0,0,0,0,0,0,0,0,0,0,0
LIN0019,LINE,PANERA BREAD,LETTUCE ARIGULA 4/1 LB FDF,1,4,1,LB,CS,0,0,0,0,0,0,0,0,0,0,0,0,0
LIN0020,LINE,PANERA BREAD,LETTUCE ROMAINE CHOP 2.5 LB FDF,7,6,2.5,LB,CS,0,0,0,0,0,0,0,0,0,0,0,0,0
LIN0021,LINE,PANERA BREAD,STRAWBERRIES FRESH 1 LB FDF,7,1,1,LB,CS,0,0,0,0,0,0,0,0,0,0,0,0,0
SOD0001,SODA,PANERA BREAD,BUBLY LIME BIB,1,1,5,GAL,CS,0,0,0,0,0,0,0,0,0,0,0,0,0
SOD0002,SODA,PANERA BREAD,SYRUP CANADA DRY GINGER ALE BIB,1,1,5,GAL,CS,0,0,0,0,0,0,0,0,0,0,0,0,0
SOD0003,SODA,PANERA BREAD,SYRUP PEPSI COLA BIB,1,1,5,GAL,CS,0,0,0,0,0,0,0,0,0,0,0,0,0
SOD0004,SODA,PANERA BREAD,SYRUP MOUNTAIN DEW BIB,1,1,5,GAL,CS,0,0,0,0,0,0,0,0,0,0,0,0,0
SOD0005,SODA,PANERA BREAD,SYRUP LIPTON RASP TEA BIB,0.5,1,5,GAL,CS,0,0,0,0,0,0,0,0,0,0,0,0,0
SOD0006,SODA,PANERA BREAD,SYRUP DR PEPPER BIB,1,1,5,GAL,CS,0,0,0,0,0,0,0,0,0,0,0,0,0
SOD0007,SODA,PANERA BREAD,SYRUP DIET PEPSI BIB,1,1,5,GAL,CS,0,0,0,0,0,0,0,0,0,0,0,0,0
MWI0001,MAIN WALK IN,PANERA BREAD,KALE & RED LEAF 4/1 LB FDF,1,4,1,LB,CS,0,0,0,0,0,0,0,0,0,0,0,0,0
MWI0002,MAIN WALK IN,PANERA BREAD,AVOCADOS 60 CT FDF,2,60,1,CT,CS,0,0,0,0,0,0,0,0,0,0,0,0,0
MWI0003,MAIN WALK IN,PANERA BREAD,GRAPES 2LB FDE,3.2,1,2,LB,BG,0,0,0,0,0,0,0,0,0,0,0,0,0
MWI0004,MAIN WALK IN,PANERA BREAD,CILANTRO 4OZ FDF,4,1,4,OZ,CS,0,0,0,0,0,0,0,0,0,0,0,0,0
MWI0005,MAIN WALK IN,PANERA BREAD,BASIL 8OZ FDF,3,1,8,OZ,CS,0,0,0,0,0,0,0,0,0,0,0,0,0
MWI0006,MAIN WALK IN,PANERA BREAD,BROCCOLI 6/1 LB FDF,1,6,1,LB,CS,0,0,0,0,0,0,0,0,0,0,0,0,0
MWI0007,MAIN WALK IN,PANERA BREAD,CHEESE GOUDA SMOKED 8/1.5 LB,4,8,1.5,LB,CS,0,0,0,0,0,0,0,0,0,0,0,0,0
MWI0008,MAIN WALK IN,PANERA BREAD,POWER BLEND 2LB BAG FDF,1,1,2,LB,BG,0,0,0,0,0,0,0,0,0,0,0,0,0
MWI0009,MAIN WALK IN,PANERA BREAD,CELEREY DICED,1,6,8,OZ,CS,0,0,0,0,0,0,0,0,0,0,0,0,0
MWI0010,MAIN WALK IN,PANERA BREAD,DRINK TEA GREEN LOW CAL BOTTLED 16.9OZ,2,12,16.9,OZ,CS,0,0,0,0,0,0,0,0,0,0,0,0,0
MWI0011,MAIN WALK IN,PANERA BREAD,SAUCE GARLIC AIOLI W/O ANCHOVY,1,8,32,OZ,CS,0,0,0,0,0,0,0,0,0,0,0,0,0
MWI0012,MAIN WALK IN,PANERA BREAD,SPICY BUFFALO SAUCE 12/16 OZ,1,12,16,OZ,CS,0,0,0,0,0,0,0,0,0,0,0,0,0
MWI0013,MAIN WALK IN,PANERA BREAD,DRESSING TANGERINE CITRUS SOY,2,8,32,OZ,CS,0,0,0,0,0,0,0,0,0,0,0,0,0
MWI0014,MAIN WALK IN,PANERA BREAD,SIGNATURE SAUCE 4/1 GAL,2,4,1,GAL,CS,0,0,0,0,0,0,0,0,0,0,0,0,0
MWI0015,MAIN WALK IN,PANERA BREAD,CHEESE WHITE CHEDDAR 8/1.5 LB.,3.95,8,1.5,LB,CS,0,0,0,0,0,0,0,0,0,0,0,0,0
MWI0016,MAIN WALK IN,PANERA BREAD,Eggs Whole Liquid CF,1.36,15,2,LB,CS,0,0,0,0,0,0,0,0,0,0,0,0,0
MWI0017,MAIN WALK IN,PANERA BREAD,Egg Whites Liquid CF,1,15,2,LB,CS,0,0,0,0,0,0,0,0,0,0,0,0,0
MWI0018,MAIN WALK IN,PANERA BREAD,LG Pasteurized Shell Egg-CF,1,15,1,DZ,CS,0,0,0,0,0,0,0,0,0,0,0,0,0
MWI0019,MAIN WALK IN,PANERA BREAD,OLIVE KALAMATA BABY PITTED,1,2,5,LB,CS,0,0,0,0,0,0,0,0,0,0,0,0,0
MWI0020,MAIN WALK IN,PANERA BREAD,CLASSIC HUMMUS REFORM,3,4,32,OZ,CS,0,0,0,0,0,0,0,0,0,0,0,0,0
MWI0021,MAIN WALK IN,PANERA BREAD,ICING ORANGE,1,12,2,LB,CS,0,0,0,0,0,0,0,0,0,0,0,0,0
MWI0022,MAIN WALK IN,PANERA BREAD,TERIYAKI SAUCE REDUCED SODIUM,1,8,32,OZ,CS,0,0,0,0,0,0,0,0,0,0,0,0,0
MWI0023,MAIN WALK IN,PANERA BREAD,CHICKEN GRILLED (PRESLICED),7,6,5,LB,CS,0,0,0,0,0,0,0,0,0,0,0,0,0
MWI0024,MAIN WALK IN,PANERA BREAD,WATER SPRING CRYSTAL GEYSER,2,35,16.9,OZ,CS,0,0,0,0,0,0,0,0,0,0,0,0,0
MWI0025,MAIN WALK IN,PANERA BREAD,BANANAS 24CT FDF,2,1,24,CT,CS,0,0,0,0,0,0,0,0,0,0,0,0,0
MWI0026,MAIN WALK IN,PANERA BREAD,ICING WHITE,1.43,2,12,LB,CS,0,0,0,0,0,0,0,0,0,0,0,0,0
MWI0027,MAIN WALK IN,PANERA BREAD,TOPPING CRUMB PANERA,1,1,7,LB,CS,0,0,0,0,0,0,0,0,0,0,0,0,0
MWI0028,MAIN WALK IN,PANERA BREAD,TOPPING STREUSEL,1,2,8,CT,CS,0,0,0,0,0,0,0,0,0,0,0,0,0
MWI0029,MAIN WALK IN,PANERA BREAD,FILLING CREAM CHEESE,1,12,2,LB,CS,0,0,0,0,0,0,0,0,0,0,0,0,0
MWI0030,MAIN WALK IN,PANERA BREAD,FILLING ROYAL CHERRY CL 6/4 LB,1,6,4,LB,CS,0,0,0,0,0,0,0,0,0,0,0,0,0
MWI0031,MAIN WALK IN,PANERA BREAD,CHEESE FETA CRUMBLED 2/5 LB,1.37,2,5,LB,CS,0,0,0,0,0,0,0,0,0,0,0,0,0
MWI0032,MAIN WALK IN,PANERA BREAD,CHEESE ASIAGO SHRED 4/5 LB,1,4,5,LB,CS,0,0,0,0,0,0,0,0,0,0,0,0,0
MWI0033,MAIN WALK IN,PANERA BREAD,TUNA SALAD YELOFIN,3.1,2,5,TUBS,CS,0,0,0,0,0,0,0,0,0,0,0,0,0
MWI0034,MAIN WALK IN,PANERA BREAD,TURKEY SLICED DELI,2.79,16,1.5,LB,CS,0,0,0,0,0,0,0,0,0,0,0,0,0
MWI0035,MAIN WALK IN,PANERA BREAD,TOMATOES VINE RIPE 25LB FDF,2,1,25,LB,CS,0,0,0,0,0,0,0,0,0,0,0,0,0
MWI0036,MAIN WALK IN,PANERA BREAD,CHEESE FONTINA/MOZZARELLA BLEND,1.9,4,5,LB,CS,0,0,0,0,0,0,0,0,0,0,0,0,0
MWI0037,MAIN WALK IN,PANERA BREAD,CHEESE GORGONZOLA CRUMBLED,2,5,2,LB,CS,0,0,0,0,0,0,0,0,0,0,0,0,0
MWI0038,MAIN WALK IN,PANERA BREAD,CHEESE AMERICAN CL,2.51,8,2,LB,CS,0,0,0,0,0,0,0,0,0,0,0,0,0
MWI0039,MAIN WALK IN,PANERA BREAD,CHEESE PARM GRATED,1.48,6,1,LB,CS,0,0,0,0,0,0,0,0,0,0,0,0,0
MWI0040,MAIN WALK IN,PANERA BREAD,BACON DICED CLEAN LABEL 4X2.5 LB,1,4,2.5,LB,CS,0,0,0,0,0,0,0,0,0,0,0,0,0
MWI0041,MAIN WALK IN,PANERA BREAD,BACON THICK SLICED,3.11,2,0,SLICES,CS,0,0,0,0,0,0,0,0,0,0,0,0,0
MWI0042,MAIN WALK IN,PANERA BREAD,DRESSING LEMON TAHINI,1,16,16,OZ,CS,0,0,0,0,0,0,0,0,0,0,0,0,0
MWI0043,MAIN WALK IN,PANERA BREAD,SAUCE APPLE CIDER BBQ,2,26,16,OZ,CS,0,0,0,0,0,0,0,0,0,0,0,0,0
MWI0044,MAIN WALK IN,PANERA BREAD,DRESSING CHICKEN SALAD,1.01,12,17,OZ,CS,0,0,0,0,0,0,0,0,0,0,0,0,0
MWI0045,MAIN WALK IN,PANERA BREAD,SAUCE CHIPOTLE AIOLI,1,16,1,LB,CS,0,0,0,0,0,0,0,0,0,0,0,0,0
MWI0046,MAIN WALK IN,PANERA BREAD,PICKLE SPEAR DELI 400 CT,2,1,5,GAL,CS,0,0,0,0,0,0,0,0,0,0,0,0,0
MWI0047,MAIN WALK IN,PANERA BREAD,ONIONS RED,2.2,1,25,LB,CS,0,0,0,0,0,0,0,0,0,0,0,0,0
MWI0048,MAIN WALK IN,PANERA BREAD,COFFEE COLD BREW CONCENTRATE,1.51,6,32,OZ,CS,0,0,0,0,0,0,0,0,0,0,0,0,0
MWI0049,MAIN WALK IN,PANERA BREAD,JUICE ORANGE 11.5 OZ INDIVIDUAL,1.07,24,11.5,OZ,CS,0,0,0,0,0,0,0,0,0,0,0,0,0
MWI0050,MAIN WALK IN,PANERA BREAD,MILK INDIVIDUAL WHITE ORGANIC,0.65,18,8,OZ,CS,0,0,0,0,0,0,0,0,0,0,0,0,0
MWI0051,MAIN WALK IN,PANERA BREAD,MILK INDIVIDUAL CHOC ORGANIC,1,18,8,OZ,CS,0,0,0,0,0,0,0,0,0,0,0,0,0
MWI0052,MAIN WALK IN,PANERA BREAD,JUICE BOX APPLE ORGANIC,0.64,36,8,OZ,CS,0,0,0,0,0,0,0,0,0,0,0,0,0
MWI0053,MAIN WALK IN,PANERA BREAD,DRESSING ASIAN SESAME VINAIGRETTE,1,4,1,GAL,CS,0,0,0,0,0,0,0,0,0,0,0,0,0
MWI0054,MAIN WALK IN,PANERA BREAD,DRESSING CAESAR,1,4,1,GAL,CS,0,0,0,0,0,0,0,0,0,0,0,0,0
MWI0055,MAIN WALK IN,PANERA BREAD,DRESSING GREEK,1,4,1,GAL,CS,0,0,0,0,0,0,0,0,0,0,0,0,0
MWI0056,MAIN WALK IN,PANERA BREAD,DRESSING WHITE BALSAMIC FUJI APPLE,1,4,1,GAL,CS,0,0,0,0,0,0,0,0,0,0,0,0,0
MWI0057,MAIN WALK IN,PANERA BREAD,MAYO PURE CLEAN LABEL,1,4,1,GAL,CS,0,0,0,0,0,0,0,0,0,0,0,0,0
MWI0058,MAIN WALK IN,PANERA BREAD,SAUCE CHIPOTLE MAYO,1.1,4,1,GAL,CS,0,0,0,0,0,0,0,0,0,0,0,0,0
MWI0059,MAIN WALK IN,PANERA BREAD,SAUCE HORSERADISH,1,4,1,GAL,CS,0,0,0,0,0,0,0,0,0,0,0,0,0
MWI0060,MAIN WALK IN,PANERA BREAD,MUSTARD SPICY BROWN,1,4,1,GAL,CS,0,0,0,0,0,0,0,0,0,0,0,0,0
MWI0061,MAIN WALK IN,PANERA BREAD,EGG WHOLE HARD BOILED,2,1,144,CT,CS,0,0,0,0,0,0,0,0,0,0,0,0,0
MWI0062,MAIN WALK IN,PANERA BREAD,YOGURT BULK GREEK,6.74,6,32,OZ,CS,0,0,0,0,0,0,0,0,0,0,0,0,0
MWI0063,MAIN WALK IN,PANERA BREAD,BLEND UNSWEETENED ALMOND BREEZE,3,12,32,OZ,CS,0,0,0,0,0,0,0,0,0,0,0,0,0
MWI0064,MAIN WALK IN,PANERA BREAD,CREAM WHIPPING AEROSOL LIGHT,1,12,15,OZ,CS,0,0,0,0,0,0,0,0,0,0,0,0,0
MWI0065,MAIN WALK IN,PANERA BREAD,BUTTER WHIPPED CUP,2,1,720,CT,CS,0,0,0,0,0,0,0,0,0,0,0,0,0
MWI0066,MAIN WALK IN,PANERA BREAD,Z- CREAMER PORTION HALF & HALF,2,1,8,OZ,CS,0,0,0,0,0,0,0,0,0,0,0,0,0
MWI0067,MAIN WALK IN,PANERA BREAD,YOKIDS SQUEEZER STRAWBERRY/MXDBERRY,1,4,16,CT,CS,0,0,0,0,0,0,0,0,0,0,0,0,0
MWI0068,MAIN WALK IN,PANERA BREAD,JUICE ORANGE 64 OZ CATERING,2,6,64,OZ,CS,0,0,0,0,0,0,0,0,0,0,0,0,0
MWI0069,MAIN WALK IN,PANERA BREAD,MILK 2% LOW FAT 4/1 GAL,5,4,1,GAL,CS,0,0,0,0,0,0,0,0,0,0,0,0,0
MWI0070,MAIN WALK IN,PANERA BREAD,MILK SKIM 4/1 GAL,2,4,1,GAL,CS,0,0,0,0,0,0,0,0,0,0,0,0,0
MWI0071,MAIN WALK IN,PANERA BREAD,CREAMER HALF & HALF 4/1 GAL,6.4,4,1,GAL,CS,0,0,0,0,0,0,0,0,0,0,0,0,0
MWI0072,MAIN WALK IN,PANERA BREAD,PINEAPPLE,2.59,1,5,CT,CS,0,0,0,0,0,0,0,0,0,0,0,0,0
MWI0073,MAIN WALK IN,PANERA BREAD,CANTALOUPE,2.46,1,6,CT,CS,0,0,0,0,0,0,0,0,0,0,0,0,0
MWI0074,MAIN WALK IN,PANERA BREAD,APPLES FUJI/GALA,1.73,1,125,CT,CS,0,0,0,0,0,0,0,0,0,0,0,0,0
MWI0075,MAIN WALK IN,PANERA BREAD,ONIONS PICKLED RED,2,6,5,LB,CS,0,0,0,0,0,0,0,0,0,0,0,0,0
MWI0076,MAIN WALK IN,PANERA BREAD,CREAM CHEESE 1.75 OZ CHIVE & ONION,1,60,1.75,OZ,CS,0,0,0,0,0,0,0,0,0,0,0,0,0
MWI0077,MAIN WALK IN,PANERA BREAD,CREAM CHEESE 1.75 OZ HONEY WALNUT,1.3,60,1.75,OZ,CS,0,0,0,0,0,0,0,0,0,0,0,0,0
MWI0078,MAIN WALK IN,PANERA BREAD,PLAIN CREAM CHEESE 1.75oz,2,120,1.75,OZ,CS,0,0,0,0,0,0,0,0,0,0,0,0,0
MWI0079,MAIN WALK IN,PANERA BREAD,CREAM CHEESE 8 OZ CHIVE & ONION,1,12,8,OZ,CS,0,0,0,0,0,0,0,0,0,0,0,0,0
MWI0080,MAIN WALK IN,PANERA BREAD,CREAM CHEESE 8 OZ HONEY WALNUT,1.26,12,8,OZ,CS,0,0,0,0,0,0,0,0,0,0,0,0,0
MWI0081,MAIN WALK IN,PANERA BREAD,CREAM CHEESE 8 OZ PLAIN,2,24,8,OZ,CS,0,0,0,0,0,0,0,0,0,0,0,0,0
DRY0001,DRY STORAGE,PANERA BREAD,LID SODA COLD CUP 16/20OZ PET (SUB),2,20,50,EA,CS,0,0,0,0,0,0,0,0,0,0,0,0,0
DRY0002,DRY STORAGE,PANERA BREAD,CONTAINER SOUP TO GO 12 OZ,1,1,1000,CT,CS,0,0,0,0,0,0,0,0,0,0,0,0,0
DRY0003,DRY STORAGE,PANERA BREAD,LID SOUP 12 OZ LARGE,1,1,1000,CT,CS,0,0,0,0,0,0,0,0,0,0,0,0,0
DRY0004,DRY STORAGE,PANERA BREAD,CONTAINER SOUP TO GO 8 OZ,1,1,1000,CT,CS,0,0,0,0,0,0,0,0,0,0,0,0,0
DRY0005,DRY STORAGE,PANERA BREAD,LID SOUP 8 OZ SMALL,1,1,1000,CT,CS,0,0,0,0,0,0,0,0,0,0,0,0,0
DRY0006,DRY STORAGE,PANERA BREAD,LID SALAD 7X5,1,1,576,CT,CS,0,0,0,0,0,0,0,0,0,0,0,0,0
DRY0007,DRY STORAGE,PANERA BREAD,BOWL SALAD 7X5,1,1,544,CT,CS,0,0,0,0,0,0,0,0,0,0,0,0,0
DRY0008,DRY STORAGE,PANERA BREAD,BOWL SALAD 8.25,1,1,340,CT,CS ,0,0,0,0,0,0,0,0,0,0,0,0,0
DRY0009,DRY STORAGE,PANERA BREAD,LID SALAD 8.25,1,1,352,CT,CS,0,0,0,0,0,0,0,0,0,0,0,0,0
DRY0010,DRY STORAGE,PANERA BREAD,BAG PAPER LARGE SHOPPER CARRYOUT BAG,1,1,200,CT,CS,0,0,0,0,0,0,0,0,0,0,0,0,0
DRY0011,DRY STORAGE,PANERA BREAD,CUSTOM GRAIN BOWL PP LID,1,6,72,CT,CS,0,0,0,0,0,0,0,0,0,0,0,0,0
DRY0012,DRY STORAGE,PANERA BREAD,BOWL 24 OZ - GRAIN BOWL,1,1,432,EA,CS,0,0,0,0,0,0,0,0,0,0,0,0,0
DRY0013,DRY STORAGE,PANERA BREAD,BOX HOT SANDWICH HALF,3,1,600,CT,CS,0,0,0,0,0,0,0,0,0,0,0,0,0
DRY0014,DRY STORAGE,PANERA BREAD,CONTAINER PAPER 16 OZ MAC & CHEESE,0.5,1,500,CT,CS,0,0,0,0,0,0,0,0,0,0,0,0,0
DRY0015,DRY STORAGE,PANERA BREAD,LID  PLASTIC 16 OZ FLAT MAC & CHEESE,1,1545391,0,CT,CS,0,0,0,0,0,0,0,0,0,0,0,0,0
DRY0016,DRY STORAGE,PANERA BREAD,CONTAINER PAPER 32 OZ W/ LID,1,1,250,CT,CS,0,0,0,0,0,0,0,0,0,0,0,0,0
DRY0017,DRY STORAGE,PANERA BREAD,FORK WRAPPD CLEAR PS HW,2,1,1000,EA,CS,0,0,0,0,0,0,0,0,0,0,0,0,0
DRY0018,DRY STORAGE,PANERA BREAD,KNIFE WRAPPED CLEAR PS HW,2,1,1000,EA,CS,0,0,0,0,0,0,0,0,0,0,0,0,0
DRY0019,DRY STORAGE,PANERA BREAD,SPOON WRAPPED CLEAR PS HW,2,,1000,EA,CS,0,0,0,0,0,0,0,0,0,0,0,0,0
DRY0020,DRY STORAGE,PANERA BREAD,INSERT CORRUGATED PAD FLATBREAD PIZZA,1,1,400,EA,CS,0,0,0,0,0,0,0,0,0,0,0,0,0
DRY0021,DRY STORAGE,PANERA BREAD,TOTE BEV 128 OZ,1,1,44,CT,CS,0,0,0,0,0,0,0,0,0,0,0,0,0
DRY0022,DRY STORAGE,PANERA BREAD,REDESIGNED LUNCH BOX,3,1,125,EA,CS,0,0,0,0,0,0,0,0,0,0,0,0,0
DRY0023,DRY STORAGE,PANERA BREAD,BOX TEAR AWAY,2,1,225,EA,CS,0,0,0,0,0,0,0,0,0,0,0,0,0
DRY0024,DRY STORAGE,PANERA BREAD,CUP 10 OZ PARFAIT,0.5,20,50,CT,CS,0,0,0,0,0,0,0,0,0,0,0,0,0
DRY0025,DRY STORAGE,PANERA BREAD,CUP INSERT PARFAIT,0.5,10,100,CT,CS,0,0,0,0,0,0,0,0,0,0,0,0,0
DRY0026,DRY STORAGE,PANERA BREAD,LID 10 OZ PARFAIT CUP,0.5,10,100,CT,CS,0,0,0,0,0,0,0,0,0,0,0,0,0
DRY0027,DRY STORAGE,PANERA BREAD,SPOON PLAS SERVING LADLE CLEAR 3/40OZ,2,1,72,EA,CS,0,0,0,0,0,0,0,0,0,0,0,0,0
DRY0028,DRY STORAGE,PANERA BREAD,CARRIER PAPER SOUP/BEV 2 CELL,1,1,100,EA,CS,0,0,0,0,0,0,0,0,0,0,0,0,0
DRY0029,DRY STORAGE,PANERA BREAD,HONEY SQUEEZE BEAR,1,12,12,OZ,CS,0,0,0,0,0,0,0,0,0,0,0,0,0
DRY0030,DRY STORAGE,PANERA BREAD,BAG CTR REUSABLE PRINTED,1,1,100,CT,CS,0,0,0,0,0,0,0,0,0,0,0,0,0
DRY0031,DRY STORAGE,PANERA BREAD,TONG POLY CLEAR LONG,2,1,48,EA,CS,0,0,0,0,0,0,0,0,0,0,0,0,0
DRY0032,DRY STORAGE,PANERA BREAD,SPOON CLEAR 10 IN,1,1,72,EA,CS,0,0,0,0,0,0,0,0,0,0,0,0,0
DRY0033,DRY STORAGE,PANERA BREAD,PLATE PAPER CATERING 10.25,3,1,500,CT,CS,0,0,0,0,0,0,0,0,0,0,0,0,0
DRY0034,DRY STORAGE,PANERA BREAD,PLATE PAPER CATERING 7IN,3,1,500,CT,CS,0,0,0,0,0,0,0,0,0,0,0,0,0
DRY0035,DRY STORAGE,PANERA BREAD,SYRUP VANILLA MADAGASCAR,2,4,750,ML,CS,0,0,0,0,0,0,0,0,0,0,0,0,0
DRY0036,DRY STORAGE,PANERA BREAD,TRAY CATERING - SHRINK WRAPPED,1,1,50,CT,CS,0,0,0,0,0,0,0,0,0,0,0,0,0
DRY0037,DRY STORAGE,PANERA BREAD,LID CATERING - SHRINK WRAPPED ,1,1,50,CT,CS,0,0,0,0,0,0,0,0,0,0,0,0,0
DRY0038,DRY STORAGE,PANERA BREAD,PEPPADEW DICED,2,2,105,OZ,CS,0,0,0,0,0,0,0,0,0,0,0,0,0
DRY0039,DRY STORAGE,PANERA BREAD,PLATTER COMBO CLEAR 120 OZ,1,1,180,EA,CS,0,0,0,0,0,0,0,0,0,0,0,0,0
DRY0040,DRY STORAGE,PANERA BREAD,RSF GRANOLA TOPPING,0.63,2,4,LB,CS,0,0,0,0,0,0,0,0,0,0,0,0,0
DRY0041,DRY STORAGE,PANERA BREAD,APPLE CHIPS,2,12,2.5,OZ,CS,0,0,0,0,0,0,0,0,0,0,0,0,0
DRY0042,DRY STORAGE,PANERA BREAD,OIL EVOO PREMIUM,1,1,2.5,GAL,CS,0,0,0,0,0,0,0,0,0,0,0,0,0
DRY0043,DRY STORAGE,PANERA BREAD,BAG PORTION YELLOW,1,1,2000,EA,CS,0,0,0,0,0,0,0,0,0,0,0,0,0
DRY0044,DRY STORAGE,PANERA BREAD,SALT SEA AND BLACK PEPPER BLEND,0.19,6,4.5,OZ,CS,0,0,0,0,0,0,0,0,0,0,0,0,0
DRY0045,DRY STORAGE,PANERA BREAD,BOTTLE EMPTY 20 CT (FOR CTR TEA & LEMONADE),2,1,20,CT,CS,0,0,0,0,0,0,0,0,0,0,0,0,0
DRY0046,DRY STORAGE,PANERA BREAD,BUBBLER STRAWBERRY LEMON MINT  ENERGY,3,4,64,OZ,CS,0,0,0,0,0,0,0,0,0,0,0,0,0
DRY0047,DRY STORAGE,PANERA BREAD,BUBBLER MANGO YUZU CITRUS ENERGY,3,4,64,OZ ,CS,0,0,0,0,0,0,0,0,0,0,0,0,0
DRY0048,DRY STORAGE,PANERA BREAD,BUBBLER FUJI APPLE CRANBERRY ENERGY,3,4,64,OZ,CS,0,0,0,0,0,0,0,0,0,0,0,0,0
DRY0049,DRY STORAGE,PANERA BREAD,LID 1.5 OZ DRESSING,0.5,24,100,CT,CS,0,0,0,0,0,0,0,0,0,0,0,0,0
DRY0050,DRY STORAGE,PANERA BREAD,DUBL SHIELD THERMAL WRAP,3,1,1000,EA,CS,0,0,0,0,0,0,0,0,0,0,0,0,0
DRY0051,DRY STORAGE,PANERA BREAD,CUP 1.5 OZ DRESSING,0.5,1,2500,CT,CS,0,0,0,0,0,0,0,0,0,0,0,0,0
DRY0052,DRY STORAGE,PANERA BREAD,INSERT PAPER HOT COLD DIVIDER FOR LUNCH BOX,0,1,500,EA,CS,0,0,0,0,0,0,0,0,0,0,0,0,0
DRY0053,DRY STORAGE,PANERA BREAD,BAG PORTION BLUE,0,1,2000,EA,CS,0,0,0,0,0,0,0,0,0,0,0,0,0
DRY0054,DRY STORAGE,PANERA BREAD,STIRRER BAMBOO UNWRPD 7 IN (TEST),0.5,10,500,CT,CS,0,0,0,0,0,0,0,0,0,0,0,0,0
DRY0055,DRY STORAGE,PANERA BREAD,BAG SANDWICH WAX 5X8 DELUXE,2,1,2000,CT,CS,0,0,0,0,0,0,0,0,0,0,0,0,0
DRY0056,DRY STORAGE,PANERA BREAD,BOWL ROUND CLEAR 64 OZ,2,1,50,EA,CS,0,0,0,0,0,0,0,0,0,0,0,0,0
DRY0057,DRY STORAGE,PANERA BREAD,LID FRUIT 40 & 64 OZ,1,1,100,EA,CS,0,0,0,0,0,0,0,0,0,0,0,0,0
DRY0058,DRY STORAGE,PANERA BREAD,STABILIZER TO GO SOUP,0.5,1,720,CT,CS,0,0,0,0,0,0,0,0,0,0,0,0,0
DRY0059,DRY STORAGE,PANERA BREAD,SYRUP CHOC BTERSWT,1,12,2.75,LB,CS,0,0,0,0,0,0,0,0,0,0,0,0,0
DRY0060,DRY STORAGE,PANERA BREAD,FILTER COFFEE FETCO BREWER 15X5,1.5,2,250,CT,CS,0,0,0,0,0,0,0,0,0,0,0,0,0
DRY0061,DRY STORAGE,PANERA BREAD,PLUG HOT BEV MOTHER BREAD,1,8,500,CT,CS,0,0,0,0,0,0,0,0,0,0,0,0,0
DRY0062,DRY STORAGE,PANERA BREAD,STIRRER WOOD COFFEE WRPD 7.5,1,10,500,CT,CS,0,0,0,0,0,0,0,0,0,0,0,0,0
DRY0063,DRY STORAGE,PANERA BREAD,PICK FRILL 4 IN,0.5,10,1000,CT,CS,0,0,0,0,0,0,0,0,0,0,0,0,0
DRY0064,DRY STORAGE,PANERA BREAD,TEA ICED BLND BLK FRAC PK,1,32,3.5,OZ,CS,0,0,0,0,0,0,0,0,0,0,0,0,0
DRY0065,DRY STORAGE,PANERA BREAD,COFFEE PREGROUND HAZELNUT,2,138,2.75,OZ,CS,0,0,0,0,0,0,0,0,0,0,0,0,0
DRY0066,DRY STORAGE,PANERA BREAD,COFFEE PREGRIYBD DECAF,0.56,98,3.7,OZ,CS,0,0,0,0,0,0,0,0,0,0,0,0,0
DRY0067,DRY STORAGE,PANERA BREAD,SYRUP CARAMEL PREM NO HFCS,1,12,2.75,LB ,CS,0,0,0,0,0,0,0,0,0,0,0,0,0
DRY0068,DRY STORAGE,PANERA BREAD,CHIP POTATO PANERA FDF,7,72,1,OZ,CS,0,0,0,0,0,0,0,0,0,0,0,0,0
OFF0001,OFFICE,PANERA BREAD,DISPOSABLE MASK,1,1,50,CT,CS,0,0,0,0,0,0,0,0,0,0,0,0,0
OFF0002,OFFICE,PANERA BREAD,PAPER COPY WHITE 8.5 X 11,1,10,500,CT,CS,0,0,0,0,0,0,0,0,0,0,0,0,0
OFF0003,OFFICE,PANERA BREAD,UNIFORM CAP DENIM PNRA,2,1,12,CT,CS,0,0,0,0,0,0,0,0,0,0,0,0,0
OFF0004,OFFICE,PANERA BREAD,UNIFORM CAP KHAKI PNRA,0.5,1,12,CT,CS,0,0,0,0,0,0,0,0,0,0,0,0,0
OFF0005,OFFICE,PANERA BREAD,UNIFORM CAP ORANGE PNRA-TRAINER,0.5,1,4,CT,CS,0,0,0,0,0,0,0,0,0,0,0,0,0
OFF0006,OFFICE,PANERA BREAD,REUSABLE MASKS,0,1,25,CT,CS,0,0,0,0,0,0,0,0,0,0,0,0,0
REG0001,REGISTER,PANERA BREAD,CUP 20 OZ PAPER HOT 2C,1,1,800,CT,CS,0,0,0,0,0,0,0,0,0,0,0,0,0
REG0002,REGISTER,PANERA BREAD,FILM PVC ROLL 18 X 2000 FT,1,1,1,EA,CS,0,0,0,0,0,0,0,0,0,0,0,0,0
REG0003,REGISTER,PANERA BREAD,CUP 16 OZ PAPER SSP,2,1,1000,CT,CS,0,0,0,0,0,0,0,0,0,0,0,0,0
REG0004,REGISTER,PANERA BREAD,CUP 12 OZ PAPER SSP,2,1,1000,CT,CS,0,0,0,0,0,0,0,0,0,0,0,0,0
REG0005,REGISTER,PANERA BREAD,BAG COOKIE WINDOW STL PARK MN,2,1,1000,CT,CS,0,0,0,0,0,0,0,0,0,0,0,0,0
REG0006,REGISTER,PANERA BREAD,TWIST TIE,0,1,200,CT,CS,0,0,0,0,0,0,0,0,0,0,0,0,0
REG0007,REGISTER,PANERA BREAD,Bag Pastry - Test,1,1,1000,CT,CS,0,0,0,0,0,0,0,0,0,0,0,0,0
REG0008,REGISTER,PANERA BREAD,CARRIER 4 CUP LARGE,3,1,300,EA,CS,0,0,0,0,0,0,0,0,0,0,0,0,0
REG0009,REGISTER,PANERA BREAD,CUP 9 OZ COLD PNRA,1,1,1000,CT,CS,0,0,0,0,0,0,0,0,0,0,0,0,0
REG0010,REGISTER,PANERA BREAD,BOX PASTRY SINGLE SERVE W/WINDOW,1,1,150,CT,CS,0,0,0,0,0,0,0,0,0,0,0,0,0
REG0011,REGISTER,PANERA BREAD,CARTON BAGEL PACK,0.5,1,110,CT,CS,0,0,0,0,0,0,0,0,0,0,0,0,0
REG0012,REGISTER,PANERA BREAD,TISSUE BAKERY 5.25X10.75,0.5,10,1000,CT,CS,0,0,0,0,0,0,0,0,0,0,0,0,0
REG0013,REGISTER,PANERA BREAD,BAG COOKIE CLEAR SOFT BOTTOM,0.5,1,500,CT,CS,0,0,0,0,0,0,0,0,0,0,0,0,0
REG0014,REGISTER,PANERA BREAD,BAG LARGE BREAD,1,1,1000,EA,CS,0,0,0,0,0,0,0,0,0,0,0,0,0
REG0015,REGISTER,PANERA BREAD,BOX BAKERY 8X8,0.5,1,200,CT,CS,0,0,0,0,0,0,0,0,0,0,0,0,0
REG0016,REGISTER,PANERA BREAD,BOX BAKERY 11.25X11.25X1.5 BROWN GREEN,1,1,100,CT,CS,0,0,0,0,0,0,0,0,0,0,0,0,0
REG0017,REGISTER,PANERA BREAD,TIE TWIST BREAD BAGS,0.25,1,2000,EA,EA,0,0,0,0,0,0,0,0,0,0,0,0,0
REG0018,REGISTER,PANERA BREAD,TAPE REGISTER THERMAL 80MM X 290FT,1,1,50,CT,CS,0,0,0,0,0,0,0,0,0,0,0,0,0
NEW0001,NEW ITEMS,PANERA BREAD,DOUGH CHOCOLATE CROISSANT,1,84,3.5,OZ,CS,0,0,0,0,0,0,0,0,0,0,0,0,0
NEW0002,NEW ITEMS,PANERA BREAD,STRAW PAPER 7.75' WRAPPED,1,12,500,EA,CS,0,0,0,0,0,0,0,0,0,0,0,0,0
NEW0003,NEW ITEMS,PANERA BREAD,BOX FLATBREAD KRAFT,1,1,125,EA,CS,0,0,0,0,0,0,0,0,0,0,0,0,0
NEW0004,NEW ITEMS,PANERA BREAD,PEPPERONCINI ALL NATURAL WHOLE GREEK,1,4,127,CT,CS,0,0,0,0,0,0,0,0,0,0,0,0,0
NEW0005,NEW ITEMS,PANERA BREAD,DOUCH PECAN BRAID,2,80,3.5,OZ,CS,0,0,0,0,0,0,0,0,0,0,0,0,0
NEW0006,NEW ITEMS,PANERA BREAD,COFFEE PREGROUND DARK ROAST,2,100,3,OZ,CS,0,0,0,0,0,0,0,0,0,0,0,0,0
NEW0007,NEW ITEMS,PANERA BREAD,COFFEE PREGROUND LIGHT ROAST,2,100,3,OZ,CS,0,0,0,0,0,0,0,0,0,0,0,0,0
NEW0008,NEW ITEMS,PANERA BREAD,SOUP CHICKEN TIKKA MASALA,1,4,8,LB,CS,0,0,0,0,0,0,0,0,0,0,0,0,0
NEW0009,NEW ITEMS,PANERA BREAD,CLEANER COFFEE EQUIP DIPITXP,0,6,2.33,LB,CS,0,0,0,0,0,0,0,0,0,0,0,0,0
MSC0001,MISC,PANERA BREAD,SALT EVAP FOOD GRADE IODIZE,0,1,25,LB,CS,0,0,0,0,0,0,0,0,0,0,0,0,0
MSC0002,MISC,PANERA BREAD,Bag Carryout 1/8th barrel - test,1,1,500,EA,CS,0,0,0,0,0,0,0,0,0,0,0,0,0
MSC0003,MISC,PANERA BREAD,Bag Paper 12# Carryout Bag - Test,2,1,1000,CT ,CS,0,0,0,0,0,0,0,0,0,0,0,0,0
MSC0004,MISC,PANERA BREAD,SLEEVE PAPER COFFEE PANERA,1,1,1380,CT ,CS,0,0,0,0,0,0,0,0,0,0,0,0,0
MSC0005,MISC,PANERA BREAD,Z- GEL COLOR PINK ALL NAT (FDF),1,1,2,OZ,EA,0,0,0,0,0,0,0,0,0,0,0,0,0
MSC0006,MISC,PANERA BREAD,Z-GEL COLOR YELLOW ALL NAT (FDF),1,1,2,OZ,EA,0,0,0,0,0,0,0,0,0,0,0,0,0
MSC0007,MISC,PANERA BREAD,DRESSING POPPYSEED,1,4,1,GAL,CS,0,0,0,0,0,0,0,0,0,0,0,0,0
MSC0008,MISC,PANERA BREAD,SOUP MEXICAN STREET CORN CHOWDER,2,4,8,LB,CS,0,0,0,0,0,0,0,0,0,0,0,0,0
MSC0009,MISC,PANERA BREAD,DAYDOT 1 IN. MONDAY,0,1,1,ROLL,EA,0,0,0,0,0,0,0,0,0,0,0,0,0
MSC0010,MISC,PANERA BREAD,DAYDOT 1 IN. TUESDAY,0,1,1,ROLL,EA,0,0,0,0,0,0,0,0,0,0,0,0,0
MSC0011,MISC,PANERA BREAD,DAYDOT 1 IN. WEDNESDAY,0,1,1,ROLL,EA,0,0,0,0,0,0,0,0,0,0,0,0,0
MSC0012,MISC,PANERA BREAD,DAYDOT 1 IN. THURSDAY,0,1,1,ROLL,EA,0,0,0,0,0,0,0,0,0,0,0,0,0
MSC0013,MISC,PANERA BREAD,DAYDOT 1 IN. FRIDAY,0,1,1,ROLL,EA,0,0,0,0,0,0,0,0,0,0,0,0,0
MSC0014,MISC,PANERA BREAD,DAYDOT 1 IN. SATURDAY,0,1,1,ROLL,EA,0,0,0,0,0,0,0,0,0,0,0,0,0
MSC0015,MISC,PANERA BREAD,DAYDOT 1 IN. SUNDAY,0,1,1,ROLL,EA,0,0,0,0,0,0,0,0,0,0,0,0,0
MSC0016,MISC,PANERA BREAD,CIRCLE PASTRY RING WHITE,0.25,100,10,IN,CS,0,0,0,0,0,0,0,0,0,0,0,0,0
MSC0017,MISC,PANERA BREAD,BAG COOKIE WINDOW,0,1,1000,CT ,CS,0,0,0,0,0,0,0,0,0,0,0,0,0
MSC0018,MISC,PANERA BREAD,LINER TRASH BLUE RECYCLE,0,1,100,CT ,CS,0,0,0,0,0,0,0,0,0,0,0,0,0
MSC0019,MISC,PANERA BREAD,FILTER COFFEE/TEA AMW BREWER 14X6,1,2,250,CT ,CS,0,0,0,0,0,0,0,0,0,0,0,0,0
MSC0020,MISC,PANERA BREAD,BOX HOT SANDWICH FULL 6X9 PULP CONT,0,1,300,CT ,CS,0,0,0,0,0,0,0,0,0,0,0,0,0
MSC0021,MISC,PANERA BREAD,LID HOT SANDWICH FULL 6X9 PULP CONT,0,1,300,CT ,CS,0,0,0,0,0,0,0,0,0,0,0,0,0
MSC0022,MISC,PANERA BREAD,HOT N COLD PAK 5.75X7.5X1.25,0,1,12,CT ,CS,0,0,0,0,0,0,0,0,0,0,0,0,0
MSC0023,MISC,PANERA BREAD,NUTMEG GROUND,0,1,1,LB,CS,0,0,0,0,0,0,0,0,0,0,0,0,0
MSC0024,MISC,PANERA BREAD,LABEL USE FIRST,0,1,1,ROLL,CS,0,0,0,0,0,0,0,0,0,0,0,0,0
MSC0025,MISC,PANERA BREAD,SPICE CINNAMON GROUND,1,1,18,OZ,CS,0,0,0,0,0,0,0,0,0,0,0,0,0
MSC0026,MISC,PANERA BREAD,100% PURE CANOLA OIL,0.01,6,1,GAL,CS,0,0,0,0,0,0,0,0,0,0,0,0,0
MSC0027,MISC,PANERA BREAD,LABEL WHITE CIRCLE ,0,1,1,ROLL,EA,0,0,0,0,0,0,0,0,0,0,0,0,0
MSC0028,MISC,PANERA BREAD,BOX BAKERY 9.25X9.25X4 SHORT LID,0,1,100,CT ,CS,0,0,0,0,0,0,0,0,0,0,0,0,0
